<?xml version="1.0"?>
<doc>
    <assembly>
        <name>Transmission.API.RPC</name>
    </assembly>
    <members>
        <member name="T:Transmission.API.RPC.Entity.NewTorrent">
            <summary>
            Information about the torrent file, that will be added
            </summary>
        </member>
        <member name="P:Transmission.API.RPC.Entity.NewTorrent.Cookies">
            <summary>
            Pointer to a string of one or more cookies.
            </summary>
        </member>
        <member name="P:Transmission.API.RPC.Entity.NewTorrent.DownloadDirectory">
            <summary>
            Path to download the torrent to
            </summary>
        </member>
        <member name="P:Transmission.API.RPC.Entity.NewTorrent.Filename">
            <summary>
            filename (relative to the server) or URL of the .torrent file (Priority than the metadata)
            </summary>
        </member>
        <member name="P:Transmission.API.RPC.Entity.NewTorrent.Metainfo">
            <summary>
            base64-encoded .torrent content
            </summary>
        </member>
        <member name="P:Transmission.API.RPC.Entity.NewTorrent.Paused">
            <summary>
            if true, don't start the torrent
            </summary>
        </member>
        <member name="P:Transmission.API.RPC.Entity.NewTorrent.PeerLimit">
            <summary>
            maximum number of peers
            </summary>
        </member>
        <member name="P:Transmission.API.RPC.Entity.NewTorrent.BandwidthPriority">
            <summary>
            Torrent's bandwidth priority
            </summary>
        </member>
        <member name="P:Transmission.API.RPC.Entity.NewTorrent.FilesWanted">
            <summary>
            Indices of file(s) to download
            </summary>
        </member>
        <member name="P:Transmission.API.RPC.Entity.NewTorrent.FilesUnwanted">
            <summary>
            Indices of file(s) to download
            </summary>
        </member>
        <member name="P:Transmission.API.RPC.Entity.NewTorrent.PriorityHigh">
            <summary>
            Indices of high-priority file(s)
            </summary>
        </member>
        <member name="P:Transmission.API.RPC.Entity.NewTorrent.PriorityLow">
            <summary>
            Indices of low-priority file(s)
            </summary>
        </member>
        <member name="P:Transmission.API.RPC.Entity.NewTorrent.PriorityNormal">
            <summary>
            Indices of normal-priority file(s)
            </summary>
        </member>
        <member name="T:Transmission.API.RPC.Entity.TorrentFields">
            <summary>
            Torrent fields
            </summary>
        </member>
        <member name="F:Transmission.API.RPC.Entity.TorrentFields.ACTIVITY_DATE">
            <summary>
            activityDate
            </summary>
        </member>
        <member name="F:Transmission.API.RPC.Entity.TorrentFields.ADDED_DATE">
            <summary>
            addedDate
            </summary>
        </member>
        <member name="F:Transmission.API.RPC.Entity.TorrentFields.BANDWIDTH_PRIORITY">
            <summary>
            bandwidthPriority
            </summary>
        </member>
        <member name="F:Transmission.API.RPC.Entity.TorrentFields.COMMENT">
            <summary>
            comment
            </summary>
        </member>
        <member name="F:Transmission.API.RPC.Entity.TorrentFields.CORRUPT_EVER">
            <summary>
            corruptEver
            </summary>
        </member>
        <member name="F:Transmission.API.RPC.Entity.TorrentFields.CREATOR">
            <summary>
            creator
            </summary>
        </member>
        <member name="F:Transmission.API.RPC.Entity.TorrentFields.DATE_CREATED">
            <summary>
            dateCreated
            </summary>
        </member>
        <member name="F:Transmission.API.RPC.Entity.TorrentFields.DESIRED_AVAILABLE">
            <summary>
            desiredAvailable
            </summary>
        </member>
        <member name="F:Transmission.API.RPC.Entity.TorrentFields.DONE_DATE">
            <summary>
            doneDate
            </summary>
        </member>
        <member name="F:Transmission.API.RPC.Entity.TorrentFields.DOWNLOAD_DIR">
            <summary>
            downloadDir
            </summary>
        </member>
        <member name="F:Transmission.API.RPC.Entity.TorrentFields.DOWNLOADED_EVER">
            <summary>
            downloadedEver
            </summary>
        </member>
        <member name="F:Transmission.API.RPC.Entity.TorrentFields.DOWNLOAD_LIMIT">
            <summary>
            downloadLimit
            </summary>
        </member>
        <member name="F:Transmission.API.RPC.Entity.TorrentFields.DOWNLOAD_LIMITED">
            <summary>
            downloadLimited
            </summary>
        </member>
        <member name="F:Transmission.API.RPC.Entity.TorrentFields.ERROR">
            <summary>
            error
            </summary>
        </member>
        <member name="F:Transmission.API.RPC.Entity.TorrentFields.ERROR_STRING">
            <summary>
            errorString
            </summary>
        </member>
        <member name="F:Transmission.API.RPC.Entity.TorrentFields.ETA">
            <summary>
            eta
            </summary>
        </member>
        <member name="F:Transmission.API.RPC.Entity.TorrentFields.ETA_IDLE">
            <summary>
            etaIdle
            </summary>
        </member>
        <member name="F:Transmission.API.RPC.Entity.TorrentFields.FILES">
            <summary>
            files
            </summary>
        </member>
        <member name="F:Transmission.API.RPC.Entity.TorrentFields.FILE_STATS">
            <summary>
            fileStats
            </summary>
        </member>
        <member name="F:Transmission.API.RPC.Entity.TorrentFields.HASH_STRING">
            <summary>
            hashString
            </summary>
        </member>
        <member name="F:Transmission.API.RPC.Entity.TorrentFields.HAVE_UNCHECKED">
            <summary>
            haveUnchecked
            </summary>
        </member>
        <member name="F:Transmission.API.RPC.Entity.TorrentFields.HAVE_VALID">
            <summary>
            haveValid
            </summary>
        </member>
        <member name="F:Transmission.API.RPC.Entity.TorrentFields.HONORS_SESSION_LIMITS">
            <summary>
            honorsSessionLimits
            </summary>
        </member>
        <member name="F:Transmission.API.RPC.Entity.TorrentFields.ID">
            <summary>
            id
            </summary>
        </member>
        <member name="F:Transmission.API.RPC.Entity.TorrentFields.IS_FINISHED">
            <summary>
            isFinished
            </summary>
        </member>
        <member name="F:Transmission.API.RPC.Entity.TorrentFields.IS_PRIVATE">
            <summary>
            isPrivate
            </summary>
        </member>
        <member name="F:Transmission.API.RPC.Entity.TorrentFields.IS_STALLED">
            <summary>
            isStalled
            </summary>
        </member>
        <member name="F:Transmission.API.RPC.Entity.TorrentFields.LEFT_UNTIL_DONE">
            <summary>
            leftUntilDone
            </summary>
        </member>
        <member name="F:Transmission.API.RPC.Entity.TorrentFields.MAGNET_LINK">
            <summary>
            magnetLink
            </summary>
        </member>
        <member name="F:Transmission.API.RPC.Entity.TorrentFields.MANUAL_ANNOUNCE_TIME">
            <summary>
            manualAnnounceTime
            </summary>
        </member>
        <member name="F:Transmission.API.RPC.Entity.TorrentFields.MAX_CONNECTED_PEERS">
            <summary>
            maxConnectedPeers
            </summary>
        </member>
        <member name="F:Transmission.API.RPC.Entity.TorrentFields.METADATA_PERCENT_COMPLETE">
            <summary>
            metadataPercentComplete
            </summary>
        </member>
        <member name="F:Transmission.API.RPC.Entity.TorrentFields.NAME">
            <summary>
            name
            </summary>
        </member>
        <member name="F:Transmission.API.RPC.Entity.TorrentFields.PEER_LIMIT">
            <summary>
            peer-limit
            </summary>
        </member>
        <member name="F:Transmission.API.RPC.Entity.TorrentFields.PEERS">
            <summary>
            peers
            </summary>
        </member>
        <member name="F:Transmission.API.RPC.Entity.TorrentFields.PEERS_CONNECTED">
            <summary>
            peersConnected
            </summary>
        </member>
        <member name="F:Transmission.API.RPC.Entity.TorrentFields.PEERS_FROM">
            <summary>
            peersFrom
            </summary>
        </member>
        <member name="F:Transmission.API.RPC.Entity.TorrentFields.PEERS_GETTING_FROM_US">
            <summary>
            peersGettingFromUs
            </summary>
        </member>
        <member name="F:Transmission.API.RPC.Entity.TorrentFields.PEERS_SENDING_TO_US">
            <summary>
            peersSendingToUs
            </summary>
        </member>
        <member name="F:Transmission.API.RPC.Entity.TorrentFields.PERCENT_DONE">
            <summary>
            percentDone
            </summary>
        </member>
        <member name="F:Transmission.API.RPC.Entity.TorrentFields.PIECES">
            <summary>
            pieces
            </summary>
        </member>
        <member name="F:Transmission.API.RPC.Entity.TorrentFields.PIECE_COUNT">
            <summary>
            pieceCount
            </summary>
        </member>
        <member name="F:Transmission.API.RPC.Entity.TorrentFields.PIECE_SIZE">
            <summary>
            pieceSize
            </summary>
        </member>
        <member name="F:Transmission.API.RPC.Entity.TorrentFields.PRIORITIES">
            <summary>
            priorities
            </summary>
        </member>
        <member name="F:Transmission.API.RPC.Entity.TorrentFields.QUEUE_POSITION">
            <summary>
            queuePosition
            </summary>
        </member>
        <member name="F:Transmission.API.RPC.Entity.TorrentFields.RATE_DOWNLOAD">
            <summary>
            rateDownload
            </summary>
        </member>
        <member name="F:Transmission.API.RPC.Entity.TorrentFields.RATE_UPLOAD">
            <summary>
            rateUpload
            </summary>
        </member>
        <member name="F:Transmission.API.RPC.Entity.TorrentFields.SECONDS_DOWNLOADING">
            <summary>
            secondsDownloading
            </summary>
        </member>
        <member name="F:Transmission.API.RPC.Entity.TorrentFields.SECONDS_SEEDING">
            <summary>
            secondsSeeding
            </summary>
        </member>
        <member name="F:Transmission.API.RPC.Entity.TorrentFields.SEED_IDLE_LIMIT">
            <summary>
            seedIdleLimit
            </summary>
        </member>
        <member name="F:Transmission.API.RPC.Entity.TorrentFields.SEED_IDLE_MODE">
            <summary>
            seedIdleMode
            </summary>
        </member>
        <member name="F:Transmission.API.RPC.Entity.TorrentFields.SEED_RATIO_LIMIT">
            <summary>
            seedRatioLimit
            </summary>
        </member>
        <member name="F:Transmission.API.RPC.Entity.TorrentFields.SEED_RATIO_MODE">
            <summary>
            seedRatioMode
            </summary>
        </member>
        <member name="F:Transmission.API.RPC.Entity.TorrentFields.SIZE_WHEN_DONE">
            <summary>
            sizeWhenDone
            </summary>
        </member>
        <member name="F:Transmission.API.RPC.Entity.TorrentFields.START_DATE">
            <summary>
            seedRatioLimit
            </summary>
        </member>
        <member name="F:Transmission.API.RPC.Entity.TorrentFields.STATUS">
            <summary>
            status
            </summary>
        </member>
        <member name="F:Transmission.API.RPC.Entity.TorrentFields.TRACKERS">
            <summary>
            trackers
            </summary>
        </member>
        <member name="F:Transmission.API.RPC.Entity.TorrentFields.TRACKER_STATS">
            <summary>
            seedRatioLimit
            </summary>
        </member>
        <member name="F:Transmission.API.RPC.Entity.TorrentFields.TOTAL_SIZE">
            <summary>
            totalSize
            </summary>
        </member>
        <member name="F:Transmission.API.RPC.Entity.TorrentFields.TORRENT_FILE">
            <summary>
            torrentFile
            </summary>
        </member>
        <member name="F:Transmission.API.RPC.Entity.TorrentFields.UPLOADED_EVER">
            <summary>
            uploadedEver
            </summary>
        </member>
        <member name="F:Transmission.API.RPC.Entity.TorrentFields.UPLOAD_LIMIT">
            <summary>
            uploadLimit
            </summary>
        </member>
        <member name="F:Transmission.API.RPC.Entity.TorrentFields.UPLOAD_LIMITED">
            <summary>
            uploadLimited
            </summary>
        </member>
        <member name="F:Transmission.API.RPC.Entity.TorrentFields.UPLOAD_RATIO">
            <summary>
            uploadRatio
            </summary>
        </member>
        <member name="F:Transmission.API.RPC.Entity.TorrentFields.WANTED">
            <summary>
            wanted
            </summary>
        </member>
        <member name="F:Transmission.API.RPC.Entity.TorrentFields.WEB_SEEDS">
            <summary>
            webseeds
            </summary>
        </member>
        <member name="F:Transmission.API.RPC.Entity.TorrentFields.WEB_SEEDS_SENDING_TO_US">
            <summary>
            webseedsSendingToUs
            </summary>
        </member>
        <member name="P:Transmission.API.RPC.Entity.TorrentFields.ALL_FIELDS">
            <summary>
            All fields
            </summary>
        </member>
        <member name="T:Transmission.API.RPC.Entity.NewTorrentInfo">
            <summary>
            Information of added torrent
            </summary>
        </member>
        <member name="P:Transmission.API.RPC.Entity.NewTorrentInfo.ID">
            <summary>
            Torrent ID
            </summary>
        </member>
        <member name="P:Transmission.API.RPC.Entity.NewTorrentInfo.Name">
            <summary>
            Torrent name
            </summary>
        </member>
        <member name="P:Transmission.API.RPC.Entity.NewTorrentInfo.HashString">
            <summary>
            Torrent Hash
            </summary>
        </member>
        <member name="T:Transmission.API.RPC.Entity.RenameTorrentInfo">
            <summary>
            Rename torrent result information
            </summary>
        </member>
        <member name="P:Transmission.API.RPC.Entity.RenameTorrentInfo.ID">
            <summary>
            The torrent's unique Id.
            </summary>
        </member>
        <member name="P:Transmission.API.RPC.Entity.RenameTorrentInfo.Path">
            <summary>
            File path.
            </summary>
        </member>
        <member name="P:Transmission.API.RPC.Entity.RenameTorrentInfo.Name">
            <summary>
            File name.
            </summary>
        </member>
        <member name="T:Transmission.API.RPC.Entity.SessionInfo">
            <summary>
            Session information
            </summary>
        </member>
        <member name="P:Transmission.API.RPC.Entity.SessionInfo.AlternativeSpeedDown">
            <summary>
            Max global download speed (KBps)
            </summary>
        </member>
        <member name="P:Transmission.API.RPC.Entity.SessionInfo.AlternativeSpeedEnabled">
            <summary>
            True means use the alt speeds
            </summary>
        </member>
        <member name="P:Transmission.API.RPC.Entity.SessionInfo.AlternativeSpeedTimeBegin">
            <summary>
            When to turn on alt speeds (units: minutes after midnight)
            </summary>
        </member>
        <member name="P:Transmission.API.RPC.Entity.SessionInfo.AlternativeSpeedTimeEnabled">
            <summary>
            True means the scheduled on/off times are used
            </summary>
        </member>
        <member name="P:Transmission.API.RPC.Entity.SessionInfo.AlternativeSpeedTimeEnd">
            <summary>
            When to turn off alt speeds
            </summary>
        </member>
        <member name="P:Transmission.API.RPC.Entity.SessionInfo.AlternativeSpeedTimeDay">
            <summary>
            What day(s) to turn on alt speeds
            </summary>
        </member>
        <member name="P:Transmission.API.RPC.Entity.SessionInfo.AlternativeSpeedUp">
            <summary>
            Max global upload speed (KBps)
            </summary>
        </member>
        <member name="P:Transmission.API.RPC.Entity.SessionInfo.BlocklistURL">
            <summary>
            Location of the blocklist to use for "blocklist-update"
            </summary>
        </member>
        <member name="P:Transmission.API.RPC.Entity.SessionInfo.BlocklistEnabled">
            <summary>
            True means enabled
            </summary>
        </member>
        <member name="P:Transmission.API.RPC.Entity.SessionInfo.CacheSizeMB">
            <summary>
            Maximum size of the disk cache (MB)
            </summary>
        </member>
        <member name="P:Transmission.API.RPC.Entity.SessionInfo.DownloadDirectory">
            <summary>
            Default path to download torrents
            </summary>
        </member>
        <member name="P:Transmission.API.RPC.Entity.SessionInfo.DownloadQueueSize">
            <summary>
            Max number of torrents to download at once (see download-queue-enabled)
            </summary>
        </member>
        <member name="P:Transmission.API.RPC.Entity.SessionInfo.DownloadQueueEnabled">
            <summary>
            If true, limit how many torrents can be downloaded at once
            </summary>
        </member>
        <member name="P:Transmission.API.RPC.Entity.SessionInfo.DHTEnabled">
            <summary>
            True means allow dht in public torrents
            </summary>
        </member>
        <member name="P:Transmission.API.RPC.Entity.SessionInfo.Encryption">
            <summary>
            "required", "preferred", "tolerated"
            </summary>
        </member>
        <member name="P:Transmission.API.RPC.Entity.SessionInfo.IdleSeedingLimit">
            <summary>
            Torrents we're seeding will be stopped if they're idle for this long
            </summary>
        </member>
        <member name="P:Transmission.API.RPC.Entity.SessionInfo.IdleSeedingLimitEnabled">
            <summary>
            True if the seeding inactivity limit is honored by default
            </summary>
        </member>
        <member name="P:Transmission.API.RPC.Entity.SessionInfo.IncompleteDirectory">
            <summary>
            Path for incomplete torrents, when enabled
            </summary>
        </member>
        <member name="P:Transmission.API.RPC.Entity.SessionInfo.IncompleteDirectoryEnabled">
            <summary>
            True means keep torrents in incomplete-dir until done
            </summary>
        </member>
        <member name="P:Transmission.API.RPC.Entity.SessionInfo.LPDEnabled">
            <summary>
            True means allow Local Peer Discovery in public torrents
            </summary>
        </member>
        <member name="P:Transmission.API.RPC.Entity.SessionInfo.PeerLimitGlobal">
            <summary>
            Maximum global number of peers
            </summary>
        </member>
        <member name="P:Transmission.API.RPC.Entity.SessionInfo.PeerLimitPerTorrent">
            <summary>
            Maximum global number of peers
            </summary>
        </member>
        <member name="P:Transmission.API.RPC.Entity.SessionInfo.PexEnabled">
            <summary>
            True means allow pex in public torrents
            </summary>
        </member>
        <member name="P:Transmission.API.RPC.Entity.SessionInfo.PeerPort">
            <summary>
            Port number
            </summary>
        </member>
        <member name="P:Transmission.API.RPC.Entity.SessionInfo.PeerPortRandomOnStart">
            <summary>
            True means pick a random peer port on launch
            </summary>
        </member>
        <member name="P:Transmission.API.RPC.Entity.SessionInfo.PortForwardingEnabled">
            <summary>
            true means enabled
            </summary>
        </member>
        <member name="P:Transmission.API.RPC.Entity.SessionInfo.QueueStalledEnabled">
            <summary>
            Whether or not to consider idle torrents as stalled
            </summary>
        </member>
        <member name="P:Transmission.API.RPC.Entity.SessionInfo.QueueStalledMinutes">
            <summary>
            Torrents that are idle for N minuets aren't counted toward seed-queue-size or download-queue-size
            </summary>
        </member>
        <member name="P:Transmission.API.RPC.Entity.SessionInfo.RenamePartialFiles">
            <summary>
            True means append ".part" to incomplete files
            </summary>
        </member>
        <member name="P:Transmission.API.RPC.Entity.SessionInfo.ScriptTorrentDoneFilename">
            <summary>
            Filename of the script to run
            </summary>
        </member>
        <member name="P:Transmission.API.RPC.Entity.SessionInfo.ScriptTorrentDoneEnabled">
            <summary>
            Whether or not to call the "done" script
            </summary>
        </member>
        <member name="P:Transmission.API.RPC.Entity.SessionInfo.SeedRatioLimit">
            <summary>
            The default seed ratio for torrents to use
            </summary>
        </member>
        <member name="P:Transmission.API.RPC.Entity.SessionInfo.SeedRatioLimited">
            <summary>
            True if seedRatioLimit is honored by default
            </summary>
        </member>
        <member name="P:Transmission.API.RPC.Entity.SessionInfo.SeedQueueSize">
            <summary>
            Max number of torrents to uploaded at once (see seed-queue-enabled)
            </summary>
        </member>
        <member name="P:Transmission.API.RPC.Entity.SessionInfo.SeedQueueEnabled">
            <summary>
            If true, limit how many torrents can be uploaded at once
            </summary>
        </member>
        <member name="P:Transmission.API.RPC.Entity.SessionInfo.SpeedLimitDown">
            <summary>
            Max global download speed (KBps)
            </summary>
        </member>
        <member name="P:Transmission.API.RPC.Entity.SessionInfo.SpeedLimitDownEnabled">
            <summary>
            True means enabled
            </summary>
        </member>
        <member name="P:Transmission.API.RPC.Entity.SessionInfo.SpeedLimitUp">
            <summary>
             max global upload speed (KBps)
            </summary>
        </member>
        <member name="P:Transmission.API.RPC.Entity.SessionInfo.SpeedLimitUpEnabled">
            <summary>
            True means enabled
            </summary>
        </member>
        <member name="P:Transmission.API.RPC.Entity.SessionInfo.StartAddedTorrents">
            <summary>
            True means added torrents will be started right away
            </summary>
        </member>
        <member name="P:Transmission.API.RPC.Entity.SessionInfo.TrashOriginalTorrentFiles">
            <summary>
            True means the .torrent file of added torrents will be deleted
            </summary>
        </member>
        <member name="P:Transmission.API.RPC.Entity.SessionInfo.Units">
            <summary>
            Units
            </summary>
        </member>
        <member name="P:Transmission.API.RPC.Entity.SessionInfo.UtpEnabled">
            <summary>
            True means allow utp
            </summary>
        </member>
        <member name="P:Transmission.API.RPC.Entity.SessionInfo.BlocklistSize">
            <summary>
            Number of rules in the blocklist
            </summary>
        </member>
        <member name="P:Transmission.API.RPC.Entity.SessionInfo.ConfigDirectory">
            <summary>
            Location of transmission's configuration directory
            </summary>
        </member>
        <member name="P:Transmission.API.RPC.Entity.SessionInfo.RpcVersion">
            <summary>
            The current RPC API version
            </summary>
        </member>
        <member name="P:Transmission.API.RPC.Entity.SessionInfo.RpcVersionMinimum">
            <summary>
            The minimum RPC API version supported
            </summary>
        </member>
        <member name="P:Transmission.API.RPC.Entity.SessionInfo.Version">
            <summary>
            Long version string "$version ($revision)"
            </summary>
        </member>
        <member name="T:Transmission.API.RPC.Entity.Statistic">
            <summary>
            Statistic
            </summary>
        </member>
        <member name="P:Transmission.API.RPC.Entity.Statistic.ActiveTorrentCount">
            <summary>
            Active torrent count
            </summary>
        </member>
        <member name="P:Transmission.API.RPC.Entity.Statistic.downloadSpeed">
            <summary>
            Download speed
            </summary>
        </member>
        <member name="P:Transmission.API.RPC.Entity.Statistic.pausedTorrentCount">
            <summary>
            Paused torrent count
            </summary>
        </member>
        <member name="P:Transmission.API.RPC.Entity.Statistic.torrentCount">
            <summary>
            Torrent count
            </summary>
        </member>
        <member name="P:Transmission.API.RPC.Entity.Statistic.uploadSpeed">
            <summary>
            Upload speed
            </summary>
        </member>
        <member name="P:Transmission.API.RPC.Entity.Statistic.CumulativeStats">
            <summary>
            Cumulative stats
            </summary>
        </member>
        <member name="P:Transmission.API.RPC.Entity.Statistic.CurrentStats">
            <summary>
            Current stats
            </summary>
        </member>
        <member name="T:Transmission.API.RPC.Entity.CommonStatistic">
            <summary>
            Common statistic
            </summary>
        </member>
        <member name="P:Transmission.API.RPC.Entity.CommonStatistic.uploadedBytes">
            <summary>
            Uploaded bytes
            </summary>
        </member>
        <member name="P:Transmission.API.RPC.Entity.CommonStatistic.DownloadedBytes">
            <summary>
            Downloaded bytes
            </summary>
        </member>
        <member name="P:Transmission.API.RPC.Entity.CommonStatistic.FilesAdded">
            <summary>
            Files added
            </summary>
        </member>
        <member name="P:Transmission.API.RPC.Entity.CommonStatistic.SessionCount">
            <summary>
            Session count
            </summary>
        </member>
        <member name="P:Transmission.API.RPC.Entity.CommonStatistic.SecondsActive">
            <summary>
            Seconds active
            </summary>
        </member>
        <member name="T:Transmission.API.RPC.Entity.TorrentInfo">
            <summary>
            Torrent information
            </summary>
        </member>
        <member name="P:Transmission.API.RPC.Entity.TorrentInfo.ID">
            <summary>
            The torrent's unique Id.
            </summary>
        </member>
        <member name="P:Transmission.API.RPC.Entity.TorrentInfo.AddedDate">
            <summary>
            Added date
            </summary>
        </member>
        <member name="P:Transmission.API.RPC.Entity.TorrentInfo.BandwidthPriority">
            <summary>
            Torrents bandwidth priority
            </summary>
        </member>
        <member name="P:Transmission.API.RPC.Entity.TorrentInfo.Comment">
            <summary>
            Comment
            </summary>
        </member>
        <member name="P:Transmission.API.RPC.Entity.TorrentInfo.CorruptEver">
            <summary>
            Corrupt ever
            </summary>
        </member>
        <member name="P:Transmission.API.RPC.Entity.TorrentInfo.Creator">
            <summary>
            Creator
            </summary>
        </member>
        <member name="P:Transmission.API.RPC.Entity.TorrentInfo.DateCreated">
            <summary>
            Date created
            </summary>
        </member>
        <member name="P:Transmission.API.RPC.Entity.TorrentInfo.DesiredAvailable">
            <summary>
            Desired available
            </summary>
        </member>
        <member name="P:Transmission.API.RPC.Entity.TorrentInfo.DoneDate">
            <summary>
            Done date
            </summary>
        </member>
        <member name="P:Transmission.API.RPC.Entity.TorrentInfo.DownloadDir">
            <summary>
            Download directory
            </summary>
        </member>
        <member name="P:Transmission.API.RPC.Entity.TorrentInfo.DownloadedEver">
            <summary>
            Downloaded ever
            </summary>
        </member>
        <member name="P:Transmission.API.RPC.Entity.TorrentInfo.DownloadLimit">
            <summary>
            Download limit
            </summary>
        </member>
        <member name="P:Transmission.API.RPC.Entity.TorrentInfo.DownloadLimited">
            <summary>
            Download limited
            </summary>
        </member>
        <member name="P:Transmission.API.RPC.Entity.TorrentInfo.Error">
            <summary>
            Error
            </summary>
        </member>
        <member name="P:Transmission.API.RPC.Entity.TorrentInfo.ErrorString">
            <summary>
            Error string
            </summary>
        </member>
        <member name="P:Transmission.API.RPC.Entity.TorrentInfo.ETA">
            <summary>
            ETA
            </summary>
        </member>
        <member name="P:Transmission.API.RPC.Entity.TorrentInfo.ETAIdle">
            <summary>
            ETA idle
            </summary>
        </member>
        <member name="P:Transmission.API.RPC.Entity.TorrentInfo.Files">
            <summary>
            Files
            </summary>
        </member>
        <member name="P:Transmission.API.RPC.Entity.TorrentInfo.FileStats">
            <summary>
            File stats
            </summary>
        </member>
        <member name="P:Transmission.API.RPC.Entity.TorrentInfo.HashString">
            <summary>
            Hash string
            </summary>
        </member>
        <member name="P:Transmission.API.RPC.Entity.TorrentInfo.HaveUnchecked">
            <summary>
            Have uncheked
            </summary>
        </member>
        <member name="P:Transmission.API.RPC.Entity.TorrentInfo.HaveValid">
            <summary>
            Have valid
            </summary>
        </member>
        <member name="P:Transmission.API.RPC.Entity.TorrentInfo.HonorsSessionLimits">
            <summary>
            Honors session limits
            </summary>
        </member>
        <member name="P:Transmission.API.RPC.Entity.TorrentInfo.IsFinished">
            <summary>
            Is finished
            </summary>
        </member>
        <member name="P:Transmission.API.RPC.Entity.TorrentInfo.IsPrivate">
            <summary>
            Is private
            </summary>
        </member>
        <member name="P:Transmission.API.RPC.Entity.TorrentInfo.IsStalled">
            <summary>
            Is stalled
            </summary>
        </member>
        <member name="P:Transmission.API.RPC.Entity.TorrentInfo.LeftUntilDone">
            <summary>
            Left until done
            </summary>
        </member>
        <member name="P:Transmission.API.RPC.Entity.TorrentInfo.MagnetLink">
            <summary>
            Magnet link
            </summary>
        </member>
        <member name="P:Transmission.API.RPC.Entity.TorrentInfo.ManualAnnounceTime">
            <summary>
            Manual announce time
            </summary>
        </member>
        <member name="P:Transmission.API.RPC.Entity.TorrentInfo.MaxConnectedPeers">
            <summary>
            Max connected peers
            </summary>
        </member>
        <member name="P:Transmission.API.RPC.Entity.TorrentInfo.MetadataPercentComplete">
            <summary>
            Metadata percent complete
            </summary>
        </member>
        <member name="P:Transmission.API.RPC.Entity.TorrentInfo.Name">
            <summary>
            Name
            </summary>
        </member>
        <member name="P:Transmission.API.RPC.Entity.TorrentInfo.PeerLimit">
            <summary>
            Peer limit
            </summary>
        </member>
        <member name="P:Transmission.API.RPC.Entity.TorrentInfo.Peers">
            <summary>
            Peers
            </summary>
        </member>
        <member name="P:Transmission.API.RPC.Entity.TorrentInfo.PeersConnected">
            <summary>
            Peers connected
            </summary>
        </member>
        <member name="P:Transmission.API.RPC.Entity.TorrentInfo.PeersFrom">
            <summary>
            Peers from
            </summary>
        </member>
        <member name="P:Transmission.API.RPC.Entity.TorrentInfo.PeersSendingToUs">
            <summary>
            Peers sending to us
            </summary>
        </member>
        <member name="P:Transmission.API.RPC.Entity.TorrentInfo.PercentDone">
            <summary>
            Percent done
            </summary>
        </member>
        <member name="P:Transmission.API.RPC.Entity.TorrentInfo.Pieces">
            <summary>
            Pieces
            </summary>
        </member>
        <member name="P:Transmission.API.RPC.Entity.TorrentInfo.PieceCount">
            <summary>
            Piece count
            </summary>
        </member>
        <member name="P:Transmission.API.RPC.Entity.TorrentInfo.PieceSize">
            <summary>
            Piece size
            </summary>
        </member>
        <member name="P:Transmission.API.RPC.Entity.TorrentInfo.Priorities">
            <summary>
            Priorities
            </summary>
        </member>
        <member name="P:Transmission.API.RPC.Entity.TorrentInfo.QueuePosition">
            <summary>
            Queue position
            </summary>
        </member>
        <member name="P:Transmission.API.RPC.Entity.TorrentInfo.RateDownload">
            <summary>
            Rate download
            </summary>
        </member>
        <member name="P:Transmission.API.RPC.Entity.TorrentInfo.RateUpload">
            <summary>
            Rate upload
            </summary>
        </member>
        <member name="P:Transmission.API.RPC.Entity.TorrentInfo.RecheckProgress">
            <summary>
            Recheck progress
            </summary>
        </member>
        <member name="P:Transmission.API.RPC.Entity.TorrentInfo.SecondsDownloading">
            <summary>
            Seconds downloading
            </summary>
        </member>
        <member name="P:Transmission.API.RPC.Entity.TorrentInfo.SecondsSeeding">
            <summary>
            Seconds seeding
            </summary>
        </member>
        <member name="P:Transmission.API.RPC.Entity.TorrentInfo.SeedIdleLimit">
            <summary>
            Seed idle limit
            </summary>
        </member>
        <member name="P:Transmission.API.RPC.Entity.TorrentInfo.SeedIdleMode">
            <summary>
            Seed idle mode
            </summary>
        </member>
        <member name="P:Transmission.API.RPC.Entity.TorrentInfo.SeedRatioLimit">
            <summary>
            Seed ration limit
            </summary>
        </member>
        <member name="P:Transmission.API.RPC.Entity.TorrentInfo.SeedRatioMode">
            <summary>
            Seed ration mode
            </summary>
        </member>
        <member name="P:Transmission.API.RPC.Entity.TorrentInfo.SizeWhenDone">
            <summary>
            Size when done
            </summary>
        </member>
        <member name="P:Transmission.API.RPC.Entity.TorrentInfo.StartDate">
            <summary>
            Start date
            </summary>
        </member>
        <member name="P:Transmission.API.RPC.Entity.TorrentInfo.Status">
            <summary>
            Status
            </summary>
        </member>
        <member name="P:Transmission.API.RPC.Entity.TorrentInfo.Trackers">
            <summary>
            Trackers
            </summary>
        </member>
        <member name="P:Transmission.API.RPC.Entity.TorrentInfo.TrackerStats">
            <summary>
            Tracker stats
            </summary>
        </member>
        <member name="P:Transmission.API.RPC.Entity.TorrentInfo.TotalSize">
            <summary>
            Total size
            </summary>
        </member>
        <member name="P:Transmission.API.RPC.Entity.TorrentInfo.TorrentFile">
            <summary>
            Torrent file
            </summary>
        </member>
        <member name="P:Transmission.API.RPC.Entity.TorrentInfo.UploadedEver">
            <summary>
            Upload ever
            </summary>
        </member>
        <member name="P:Transmission.API.RPC.Entity.TorrentInfo.UploadLimit">
            <summary>
            Upload limit
            </summary>
        </member>
        <member name="P:Transmission.API.RPC.Entity.TorrentInfo.UploadLimited">
            <summary>
            Upload limited
            </summary>
        </member>
        <member name="P:Transmission.API.RPC.Entity.TorrentInfo.uploadRatio">
            <summary>
            Upload ratio
            </summary>
        </member>
        <member name="P:Transmission.API.RPC.Entity.TorrentInfo.Wanted">
            <summary>
            Wanted
            </summary>
        </member>
        <member name="P:Transmission.API.RPC.Entity.TorrentInfo.Webseeds">
            <summary>
            Web seeds
            </summary>
        </member>
        <member name="P:Transmission.API.RPC.Entity.TorrentInfo.WebseedsSendingToUs">
            <summary>
            Web seeds sending to us
            </summary>
        </member>
        <member name="T:Transmission.API.RPC.Entity.TransmissionTorrentFiles">
            <summary>
            Torrent files
            </summary>
        </member>
        <member name="P:Transmission.API.RPC.Entity.TransmissionTorrentFiles.BytesCompleted">
            <summary>
            Bytes completed
            </summary>
        </member>
        <member name="P:Transmission.API.RPC.Entity.TransmissionTorrentFiles.Length">
            <summary>
            Length
            </summary>
        </member>
        <member name="P:Transmission.API.RPC.Entity.TransmissionTorrentFiles.Name">
            <summary>
            Name
            </summary>
        </member>
        <member name="T:Transmission.API.RPC.Entity.TransmissionTorrentFileStats">
            <summary>
            Torrent file stats
            </summary>
        </member>
        <member name="P:Transmission.API.RPC.Entity.TransmissionTorrentFileStats.BytesCompleted">
            <summary>
            Bytes completed
            </summary>
        </member>
        <member name="P:Transmission.API.RPC.Entity.TransmissionTorrentFileStats.Wanted">
            <summary>
            Wanted
            </summary>
        </member>
        <member name="P:Transmission.API.RPC.Entity.TransmissionTorrentFileStats.Priority">
            <summary>
            Priority
            </summary>
        </member>
        <member name="T:Transmission.API.RPC.Entity.TransmissionTorrentPeers">
            <summary>
            Torrent peers
            </summary>
        </member>
        <member name="P:Transmission.API.RPC.Entity.TransmissionTorrentPeers.Address">
            <summary>
            Address
            </summary>
        </member>
        <member name="P:Transmission.API.RPC.Entity.TransmissionTorrentPeers.ClientName">
            <summary>
            Client name
            </summary>
        </member>
        <member name="P:Transmission.API.RPC.Entity.TransmissionTorrentPeers.ClientIsChoked">
            <summary>
            Client is choked
            </summary>
        </member>
        <member name="P:Transmission.API.RPC.Entity.TransmissionTorrentPeers.ClientIsInterested">
            <summary>
            Client is interested
            </summary>
        </member>
        <member name="P:Transmission.API.RPC.Entity.TransmissionTorrentPeers.FlagStr">
            <summary>
            Flag string
            </summary>
        </member>
        <member name="P:Transmission.API.RPC.Entity.TransmissionTorrentPeers.IsDownloadingFrom">
            <summary>
            Is downloading from
            </summary>
        </member>
        <member name="P:Transmission.API.RPC.Entity.TransmissionTorrentPeers.IsEncrypted">
            <summary>
            Is encrypted
            </summary>
        </member>
        <member name="P:Transmission.API.RPC.Entity.TransmissionTorrentPeers.IsUploadingTo">
            <summary>
            Is uploading to
            </summary>
        </member>
        <member name="P:Transmission.API.RPC.Entity.TransmissionTorrentPeers.IsUTP">
            <summary>
            Is UTP
            </summary>
        </member>
        <member name="P:Transmission.API.RPC.Entity.TransmissionTorrentPeers.PeerIsChoked">
            <summary>
            Peer is choked
            </summary>
        </member>
        <member name="P:Transmission.API.RPC.Entity.TransmissionTorrentPeers.PeerIsInterested">
            <summary>
            Peer is interested
            </summary>
        </member>
        <member name="P:Transmission.API.RPC.Entity.TransmissionTorrentPeers.Port">
            <summary>
            Port
            </summary>
        </member>
        <member name="P:Transmission.API.RPC.Entity.TransmissionTorrentPeers.Progress">
            <summary>
            Progress
            </summary>
        </member>
        <member name="P:Transmission.API.RPC.Entity.TransmissionTorrentPeers.RateToClient">
            <summary>
            Rate to client
            </summary>
        </member>
        <member name="P:Transmission.API.RPC.Entity.TransmissionTorrentPeers.RateToPeer">
            <summary>
            Rate to peer
            </summary>
        </member>
        <member name="T:Transmission.API.RPC.Entity.TransmissionTorrentPeersFrom">
            <summary>
            Torrent peers from
            </summary>
        </member>
        <member name="P:Transmission.API.RPC.Entity.TransmissionTorrentPeersFrom.FromDHT">
            <summary>
            From DHT
            </summary>
        </member>
        <member name="P:Transmission.API.RPC.Entity.TransmissionTorrentPeersFrom.FromIncoming">
            <summary>
            From incoming
            </summary>
        </member>
        <member name="P:Transmission.API.RPC.Entity.TransmissionTorrentPeersFrom.FromLPD">
            <summary>
            From LPD
            </summary>
        </member>
        <member name="P:Transmission.API.RPC.Entity.TransmissionTorrentPeersFrom.FromLTEP">
            <summary>
            From LTEP
            </summary>
        </member>
        <member name="P:Transmission.API.RPC.Entity.TransmissionTorrentPeersFrom.FromPEX">
            <summary>
            From PEX
            </summary>
        </member>
        <member name="P:Transmission.API.RPC.Entity.TransmissionTorrentPeersFrom.FromTracker">
            <summary>
            From tracker
            </summary>
        </member>
        <member name="T:Transmission.API.RPC.Entity.TransmissionTorrentTrackers">
            <summary>
            Torrent trackers
            </summary>
        </member>
        <member name="P:Transmission.API.RPC.Entity.TransmissionTorrentTrackers.announce">
            <summary>
            Announce
            </summary>
        </member>
        <member name="P:Transmission.API.RPC.Entity.TransmissionTorrentTrackers.ID">
            <summary>
            Id
            </summary>
        </member>
        <member name="P:Transmission.API.RPC.Entity.TransmissionTorrentTrackers.Scrape">
            <summary>
            Scrape
            </summary>
        </member>
        <member name="P:Transmission.API.RPC.Entity.TransmissionTorrentTrackers.Tier">
            <summary>
            Tier
            </summary>
        </member>
        <member name="T:Transmission.API.RPC.Entity.TransmissionTorrentTrackerStats">
            <summary>
            Torrent tracker stats
            </summary>
        </member>
        <member name="P:Transmission.API.RPC.Entity.TransmissionTorrentTrackerStats.announce">
            <summary>
            Announce
            </summary>
        </member>
        <member name="P:Transmission.API.RPC.Entity.TransmissionTorrentTrackerStats.AnnounceState">
            <summary>
            Announce state
            </summary>
        </member>
        <member name="P:Transmission.API.RPC.Entity.TransmissionTorrentTrackerStats.DownloadCount">
            <summary>
            Download count
            </summary>
        </member>
        <member name="P:Transmission.API.RPC.Entity.TransmissionTorrentTrackerStats.HasAnnounced">
            <summary>
            Has announced
            </summary>
        </member>
        <member name="P:Transmission.API.RPC.Entity.TransmissionTorrentTrackerStats.HasScraped">
            <summary>
            Has scraped
            </summary>
        </member>
        <member name="P:Transmission.API.RPC.Entity.TransmissionTorrentTrackerStats.Host">
            <summary>
            Host
            </summary>
        </member>
        <member name="P:Transmission.API.RPC.Entity.TransmissionTorrentTrackerStats.IsBackup">
            <summary>
            Is backup
            </summary>
        </member>
        <member name="P:Transmission.API.RPC.Entity.TransmissionTorrentTrackerStats.LastAnnouncePeerCount">
            <summary>
            Last announce peer count
            </summary>
        </member>
        <member name="P:Transmission.API.RPC.Entity.TransmissionTorrentTrackerStats.ID">
            <summary>
            Id
            </summary>
        </member>
        <member name="P:Transmission.API.RPC.Entity.TransmissionTorrentTrackerStats.LastAnnounceResult">
            <summary>
            Last announce result 
            </summary>
        </member>
        <member name="P:Transmission.API.RPC.Entity.TransmissionTorrentTrackerStats.LastAnnounceSucceeded">
            <summary>
            Last announce succeeded
            </summary>
        </member>
        <member name="P:Transmission.API.RPC.Entity.TransmissionTorrentTrackerStats.LastAnnounceStartTime">
            <summary>
            Last announce start time
            </summary>
        </member>
        <member name="P:Transmission.API.RPC.Entity.TransmissionTorrentTrackerStats.LastScrapeResult">
            <summary>
            Last scrape result
            </summary>
        </member>
        <member name="P:Transmission.API.RPC.Entity.TransmissionTorrentTrackerStats.LastAnnounceTimedOut">
            <summary>
            Last announce timed out
            </summary>
        </member>
        <member name="P:Transmission.API.RPC.Entity.TransmissionTorrentTrackerStats.LastAnnounceTime">
            <summary>
            Last announce time
            </summary>
        </member>
        <member name="P:Transmission.API.RPC.Entity.TransmissionTorrentTrackerStats.LastScrapeSucceeded">
            <summary>
            Last scrape scceeded
            </summary>
        </member>
        <member name="P:Transmission.API.RPC.Entity.TransmissionTorrentTrackerStats.LastScrapeStartTime">
            <summary>
            Last scrape start time
            </summary>
        </member>
        <member name="P:Transmission.API.RPC.Entity.TransmissionTorrentTrackerStats.LastScrapeTimedOut">
            <summary>
            Last scrape timed out
            </summary>
        </member>
        <member name="P:Transmission.API.RPC.Entity.TransmissionTorrentTrackerStats.LastScrapeTime">
            <summary>
            Last scrape time
            </summary>
        </member>
        <member name="P:Transmission.API.RPC.Entity.TransmissionTorrentTrackerStats.Scrape">
            <summary>
            Scrape
            </summary>
        </member>
        <member name="P:Transmission.API.RPC.Entity.TransmissionTorrentTrackerStats.Tier">
            <summary>
            Tier
            </summary>
        </member>
        <member name="P:Transmission.API.RPC.Entity.TransmissionTorrentTrackerStats.LeecherCount">
            <summary>
            Leecher count
            </summary>
        </member>
        <member name="P:Transmission.API.RPC.Entity.TransmissionTorrentTrackerStats.NextAnnounceTime">
            <summary>
            Next announce time
            </summary>
        </member>
        <member name="P:Transmission.API.RPC.Entity.TransmissionTorrentTrackerStats.NextScrapeTime">
            <summary>
            Next scrape time
            </summary>
        </member>
        <member name="P:Transmission.API.RPC.Entity.TransmissionTorrentTrackerStats.ScrapeState">
            <summary>
            Scrape state
            </summary>
        </member>
        <member name="P:Transmission.API.RPC.Entity.TransmissionTorrentTrackerStats.SeederCount">
            <summary>
            Seeder count
            </summary>
        </member>
        <member name="T:Transmission.API.RPC.Entity.TransmissionTorrents">
            <summary>
            Contains arrays of torrents and removed torrents
            </summary>
        </member>
        <member name="P:Transmission.API.RPC.Entity.TransmissionTorrents.Torrents">
            <summary>
            Array of torrents
            </summary>
        </member>
        <member name="P:Transmission.API.RPC.Entity.TransmissionTorrents.Removed">
            <summary>
            Array of torrent-id numbers of recently-removed torrents
            </summary>
        </member>
        <member name="T:Transmission.API.RPC.Entity.Units">
            <summary>
            Units
            </summary>
        </member>
        <member name="P:Transmission.API.RPC.Entity.Units.SpeedUnits">
            <summary>
            Speed units
            </summary>
        </member>
        <member name="P:Transmission.API.RPC.Entity.Units.SpeedBytes">
            <summary>
            Speed bytes
            </summary>
        </member>
        <member name="P:Transmission.API.RPC.Entity.Units.SizeUnits">
            <summary>
            Size units
            </summary>
        </member>
        <member name="P:Transmission.API.RPC.Entity.Units.SizeBytes">
            <summary>
            Size bytes
            </summary>
        </member>
        <member name="P:Transmission.API.RPC.Entity.Units.MemoryUnits">
            <summary>
            Memory units
            </summary>
        </member>
        <member name="P:Transmission.API.RPC.Entity.Units.MemoryBytes">
            <summary>
            Memory bytes
            </summary>
        </member>
        <member name="T:Transmission.API.RPC.Arguments.SessionSettings">
            <summary>
            Settings
            </summary>
        </member>
        <member name="P:Transmission.API.RPC.Arguments.SessionSettings.AlternativeSpeedDown">
            <summary>
            Max global download speed (KBps)
            </summary>
        </member>
        <member name="P:Transmission.API.RPC.Arguments.SessionSettings.AlternativeSpeedEnabled">
            <summary>
            True means use the alt speeds
            </summary>
        </member>
        <member name="P:Transmission.API.RPC.Arguments.SessionSettings.AlternativeSpeedTimeBegin">
            <summary>
            When to turn on alt speeds (units: minutes after midnight)
            </summary>
        </member>
        <member name="P:Transmission.API.RPC.Arguments.SessionSettings.AlternativeSpeedTimeEnabled">
            <summary>
            True means the scheduled on/off times are used
            </summary>
        </member>
        <member name="P:Transmission.API.RPC.Arguments.SessionSettings.AlternativeSpeedTimeEnd">
            <summary>
            When to turn off alt speeds
            </summary>
        </member>
        <member name="P:Transmission.API.RPC.Arguments.SessionSettings.AlternativeSpeedTimeDay">
            <summary>
            What day(s) to turn on alt speeds
            </summary>
        </member>
        <member name="P:Transmission.API.RPC.Arguments.SessionSettings.AlternativeSpeedUp">
            <summary>
            Max global upload speed (KBps)
            </summary>
        </member>
        <member name="P:Transmission.API.RPC.Arguments.SessionSettings.BlocklistURL">
            <summary>
            Location of the blocklist to use for "blocklist-update"
            </summary>
        </member>
        <member name="P:Transmission.API.RPC.Arguments.SessionSettings.BlocklistEnabled">
            <summary>
            True means enabled
            </summary>
        </member>
        <member name="P:Transmission.API.RPC.Arguments.SessionSettings.CacheSizeMB">
            <summary>
            Maximum size of the disk cache (MB)
            </summary>
        </member>
        <member name="P:Transmission.API.RPC.Arguments.SessionSettings.DownloadDirectory">
            <summary>
            Default path to download torrents
            </summary>
        </member>
        <member name="P:Transmission.API.RPC.Arguments.SessionSettings.DownloadQueueSize">
            <summary>
            Max number of torrents to download at once (see download-queue-enabled)
            </summary>
        </member>
        <member name="P:Transmission.API.RPC.Arguments.SessionSettings.DownloadQueueEnabled">
            <summary>
            If true, limit how many torrents can be downloaded at once
            </summary>
        </member>
        <member name="P:Transmission.API.RPC.Arguments.SessionSettings.DHTEnabled">
            <summary>
            True means allow dht in public torrents
            </summary>
        </member>
        <member name="P:Transmission.API.RPC.Arguments.SessionSettings.Encryption">
            <summary>
            "required", "preferred", "tolerated"
            </summary>
        </member>
        <member name="P:Transmission.API.RPC.Arguments.SessionSettings.IdleSeedingLimit">
            <summary>
            Torrents we're seeding will be stopped if they're idle for this long
            </summary>
        </member>
        <member name="P:Transmission.API.RPC.Arguments.SessionSettings.IdleSeedingLimitEnabled">
            <summary>
            True if the seeding inactivity limit is honored by default
            </summary>
        </member>
        <member name="P:Transmission.API.RPC.Arguments.SessionSettings.IncompleteDirectory">
            <summary>
            Path for incomplete torrents, when enabled
            </summary>
        </member>
        <member name="P:Transmission.API.RPC.Arguments.SessionSettings.IncompleteDirectoryEnabled">
            <summary>
            True means keep torrents in incomplete-dir until done
            </summary>
        </member>
        <member name="P:Transmission.API.RPC.Arguments.SessionSettings.LPDEnabled">
            <summary>
            True means allow Local Peer Discovery in public torrents
            </summary>
        </member>
        <member name="P:Transmission.API.RPC.Arguments.SessionSettings.PeerLimitGlobal">
            <summary>
            Maximum global number of peers
            </summary>
        </member>
        <member name="P:Transmission.API.RPC.Arguments.SessionSettings.PeerLimitPerTorrent">
            <summary>
            Maximum global number of peers
            </summary>
        </member>
        <member name="P:Transmission.API.RPC.Arguments.SessionSettings.PexEnabled">
            <summary>
            True means allow pex in public torrents
            </summary>
        </member>
        <member name="P:Transmission.API.RPC.Arguments.SessionSettings.PeerPort">
            <summary>
            Port number
            </summary>
        </member>
        <member name="P:Transmission.API.RPC.Arguments.SessionSettings.PeerPortRandomOnStart">
            <summary>
            True means pick a random peer port on launch
            </summary>
        </member>
        <member name="P:Transmission.API.RPC.Arguments.SessionSettings.PortForwardingEnabled">
            <summary>
            true means enabled
            </summary>
        </member>
        <member name="P:Transmission.API.RPC.Arguments.SessionSettings.QueueStalledEnabled">
            <summary>
            Whether or not to consider idle torrents as stalled
            </summary>
        </member>
        <member name="P:Transmission.API.RPC.Arguments.SessionSettings.QueueStalledMinutes">
            <summary>
            Torrents that are idle for N minuets aren't counted toward seed-queue-size or download-queue-size
            </summary>
        </member>
        <member name="P:Transmission.API.RPC.Arguments.SessionSettings.RenamePartialFiles">
            <summary>
            True means append ".part" to incomplete files
            </summary>
        </member>
        <member name="P:Transmission.API.RPC.Arguments.SessionSettings.ScriptTorrentDoneFilename">
            <summary>
            Filename of the script to run
            </summary>
        </member>
        <member name="P:Transmission.API.RPC.Arguments.SessionSettings.ScriptTorrentDoneEnabled">
            <summary>
            Whether or not to call the "done" script
            </summary>
        </member>
        <member name="P:Transmission.API.RPC.Arguments.SessionSettings.SeedRatioLimit">
            <summary>
            The default seed ratio for torrents to use
            </summary>
        </member>
        <member name="P:Transmission.API.RPC.Arguments.SessionSettings.SeedRatioLimited">
            <summary>
            True if seedRatioLimit is honored by default
            </summary>
        </member>
        <member name="P:Transmission.API.RPC.Arguments.SessionSettings.SeedQueueSize">
            <summary>
            Max number of torrents to uploaded at once (see seed-queue-enabled)
            </summary>
        </member>
        <member name="P:Transmission.API.RPC.Arguments.SessionSettings.SeedQueueEnabled">
            <summary>
            If true, limit how many torrents can be uploaded at once
            </summary>
        </member>
        <member name="P:Transmission.API.RPC.Arguments.SessionSettings.SpeedLimitDown">
            <summary>
            Max global download speed (KBps)
            </summary>
        </member>
        <member name="P:Transmission.API.RPC.Arguments.SessionSettings.SpeedLimitDownEnabled">
            <summary>
            True means enabled
            </summary>
        </member>
        <member name="P:Transmission.API.RPC.Arguments.SessionSettings.SpeedLimitUp">
            <summary>
             max global upload speed (KBps)
            </summary>
        </member>
        <member name="P:Transmission.API.RPC.Arguments.SessionSettings.SpeedLimitUpEnabled">
            <summary>
            True means enabled
            </summary>
        </member>
        <member name="P:Transmission.API.RPC.Arguments.SessionSettings.StartAddedTorrents">
            <summary>
            True means added torrents will be started right away
            </summary>
        </member>
        <member name="P:Transmission.API.RPC.Arguments.SessionSettings.TrashOriginalTorrentFiles">
            <summary>
            True means the .torrent file of added torrents will be deleted
            </summary>
        </member>
        <member name="P:Transmission.API.RPC.Arguments.SessionSettings.Units">
            <summary>
            Units
            </summary>
        </member>
        <member name="P:Transmission.API.RPC.Arguments.SessionSettings.UtpEnabled">
            <summary>
            True means allow utp
            </summary>
        </member>
        <member name="T:Transmission.API.RPC.Arguments.TorrentSettings">
            <summary>
            Torrent settings
            </summary>
        </member>
        <member name="P:Transmission.API.RPC.Arguments.TorrentSettings.BandwidthPriority">
            <summary>
            This torrent's bandwidth tr_priority_t
            </summary>
        </member>
        <member name="P:Transmission.API.RPC.Arguments.TorrentSettings.DownloadLimit">
            <summary>
            Maximum download speed (KBps)
            </summary>
        </member>
        <member name="P:Transmission.API.RPC.Arguments.TorrentSettings.DownloadLimited">
            <summary>
            Download limit is honored
            </summary>
        </member>
        <member name="P:Transmission.API.RPC.Arguments.TorrentSettings.HonorsSessionLimits">
            <summary>
            Session upload limits are honored
            </summary>
        </member>
        <member name="P:Transmission.API.RPC.Arguments.TorrentSettings.IDs">
            <summary>
            Torrent id array
            </summary>
        </member>
        <member name="P:Transmission.API.RPC.Arguments.TorrentSettings.Location">
            <summary>
            New location of the torrent's content
            </summary>
        </member>
        <member name="P:Transmission.API.RPC.Arguments.TorrentSettings.PeerLimit">
            <summary>
            Maximum number of peers
            </summary>
        </member>
        <member name="P:Transmission.API.RPC.Arguments.TorrentSettings.QueuePosition">
            <summary>
            Position of this torrent in its queue [0...n)
            </summary>
        </member>
        <member name="P:Transmission.API.RPC.Arguments.TorrentSettings.SeedIdleLimit">
            <summary>
            Torrent-level number of minutes of seeding inactivity
            </summary>
        </member>
        <member name="P:Transmission.API.RPC.Arguments.TorrentSettings.SeedIdleMode">
            <summary>
            Which seeding inactivity to use
            </summary>
        </member>
        <member name="P:Transmission.API.RPC.Arguments.TorrentSettings.SeedRatioLimit">
            <summary>
            Torrent-level seeding ratio
            </summary>
        </member>
        <member name="P:Transmission.API.RPC.Arguments.TorrentSettings.SeedRatioMode">
            <summary>
            Which ratio to use. 
            </summary>
        </member>
        <member name="P:Transmission.API.RPC.Arguments.TorrentSettings.UploadLimit">
            <summary>
            Maximum upload speed (KBps)
            </summary>
        </member>
        <member name="P:Transmission.API.RPC.Arguments.TorrentSettings.UploadLimited">
            <summary>
            Upload limit is honored
            </summary>
        </member>
        <member name="P:Transmission.API.RPC.Arguments.TorrentSettings.TrackerAdd">
            <summary>
            Strings of announce URLs to add
            </summary>
        </member>
        <member name="P:Transmission.API.RPC.Arguments.TorrentSettings.TrackerRemove">
            <summary>
            Ids of trackers to remove
            </summary>
        </member>
        <member name="P:Transmission.API.RPC.Arguments.TorrentSettings.FilesWanted">
            <summary>
            Files wanted
            </summary>
        </member>
        <member name="P:Transmission.API.RPC.Arguments.TorrentSettings.FilesUnwanted">
            <summary>
            Files unwanted
            </summary>
        </member>
        <member name="P:Transmission.API.RPC.Arguments.TorrentSettings.PriorityHigh">
            <summary>
            High priority files
            </summary>
        </member>
        <member name="P:Transmission.API.RPC.Arguments.TorrentSettings.PriorityLow">
            <summary>
            Low priority files
            </summary>
        </member>
        <member name="P:Transmission.API.RPC.Arguments.TorrentSettings.PriorityNormal">
            <summary>
            Normal priority files
            </summary>
        </member>
        <member name="T:Transmission.API.RPC.AsyncExtensions">
            <summary>
            Async extension
            </summary>
        </member>
        <member name="M:Transmission.API.RPC.AsyncExtensions.WaitAndUnwrapException(System.Threading.Tasks.Task)">
            <summary>
            Wait and unwrap exception
            </summary>
            <param name="task"></param>
        </member>
        <member name="T:Transmission.API.RPC.Client">
            <summary>
            Transmission client
            </summary>
        </member>
        <member name="M:Transmission.API.RPC.Client.CloseSessionAsync">
            <summary>
            Close current session (API: session-close)
            </summary>
        </member>
        <member name="M:Transmission.API.RPC.Client.SetSessionSettingsAsync(Transmission.API.RPC.Arguments.SessionSettings)">
            <summary>
            Set information to current session (API: session-set)
            </summary>
            <param name="settings">New session settings</param>
        </member>
        <member name="M:Transmission.API.RPC.Client.GetSessionStatisticAsync">
            <summary>
            Get session stat
            </summary>
            <returns>Session stat</returns>
        </member>
        <member name="M:Transmission.API.RPC.Client.GetSessionInformationAsync">
            <summary>
            Get information of current session (API: session-get)
            </summary>
            <returns>Session information</returns>
        </member>
        <member name="M:Transmission.API.RPC.Client.TorrentAddAsync(Transmission.API.RPC.Entity.NewTorrent)">
            <summary>
            Add torrent (API: torrent-add)
            </summary>
            <returns>Torrent info (ID, Name and HashString)</returns>
        </member>
        <member name="M:Transmission.API.RPC.Client.TorrentSetAsync(Transmission.API.RPC.Arguments.TorrentSettings)">
            <summary>
            Set torrent params (API: torrent-set)
            </summary>
            <param name="settings">Torrent settings</param>
        </member>
        <member name="M:Transmission.API.RPC.Client.TorrentGetAsync(System.String[],System.Int32[])">
            <summary>
            Get fields of torrents from ids (API: torrent-get)
            </summary>
            <param name="fields">Fields of torrents</param>
            <param name="ids">IDs of torrents (null or empty for get all torrents)</param>
            <returns>Torrents info</returns>
        </member>
        <member name="M:Transmission.API.RPC.Client.TorrentRemoveAsync(System.Int32[],System.Boolean)">
            <summary>
            Remove torrents
            </summary>
            <param name="ids">Torrents id</param>
            <param name="deleteData">Remove data</param>
        </member>
        <member name="M:Transmission.API.RPC.Client.TorrentStartAsync(System.Object[])">
            <summary>
            Start torrents (API: torrent-start)
            </summary>
            <param name="ids">A list of torrent id numbers, sha1 hash strings, or both</param>
        </member>
        <member name="M:Transmission.API.RPC.Client.TorrentStartAsync">
            <summary>
            Start recently active torrents (API: torrent-start)
            </summary>
        </member>
        <member name="M:Transmission.API.RPC.Client.TorrentStartNowAsync(System.Object[])">
            <summary>
            Start now torrents (API: torrent-start-now)
            </summary>
            <param name="ids">A list of torrent id numbers, sha1 hash strings, or both</param>
        </member>
        <member name="M:Transmission.API.RPC.Client.TorrentStartNowAsync">
            <summary>
            Start now recently active torrents (API: torrent-start-now)
            </summary>
        </member>
        <member name="M:Transmission.API.RPC.Client.TorrentStopAsync(System.Object[])">
            <summary>
            Stop torrents (API: torrent-stop)
            </summary>
            <param name="ids">A list of torrent id numbers, sha1 hash strings, or both</param>
        </member>
        <member name="M:Transmission.API.RPC.Client.TorrentStopAsync">
            <summary>
            Stop recently active torrents (API: torrent-stop)
            </summary>
        </member>
        <member name="M:Transmission.API.RPC.Client.TorrentVerifyAsync(System.Object[])">
            <summary>
            Verify torrents (API: torrent-verify)
            </summary>
            <param name="ids">A list of torrent id numbers, sha1 hash strings, or both</param>
        </member>
        <member name="M:Transmission.API.RPC.Client.TorrentVerifyAsync">
            <summary>
            Verify recently active torrents (API: torrent-verify)
            </summary>
        </member>
        <member name="M:Transmission.API.RPC.Client.TorrentQueueMoveTopAsync(System.Int32[])">
            <summary>
            Move torrents in queue on top (API: queue-move-top)
            </summary>
            <param name="ids">Torrents id</param>
        </member>
        <member name="M:Transmission.API.RPC.Client.TorrentQueueMoveUpAsync(System.Int32[])">
            <summary>
            Move up torrents in queue (API: queue-move-up)
            </summary>
            <param name="ids"></param>
        </member>
        <member name="M:Transmission.API.RPC.Client.TorrentQueueMoveDownAsync(System.Int32[])">
            <summary>
            Move down torrents in queue (API: queue-move-down)
            </summary>
            <param name="ids"></param>
        </member>
        <member name="M:Transmission.API.RPC.Client.TorrentQueueMoveBottomAsync(System.Int32[])">
            <summary>
            Move torrents to bottom in queue  (API: queue-move-bottom)
            </summary>
            <param name="ids"></param>
        </member>
        <member name="M:Transmission.API.RPC.Client.TorrentSetLocationAsync(System.Int32[],System.String,System.Boolean)">
            <summary>
            Set new location for torrents files (API: torrent-set-location)
            </summary>
            <param name="ids">Torrent ids</param>
            <param name="location">The new torrent location</param>
            <param name="move">Move from previous location</param>
        </member>
        <member name="M:Transmission.API.RPC.Client.TorrentRenamePathAsync(System.Int32,System.String,System.String)">
            <summary>
            Rename a file or directory in a torrent (API: torrent-rename-path)
            </summary>
            <param name="id">The torrent whose path will be renamed</param>
            <param name="path">The path to the file or folder that will be renamed</param>
            <param name="name">The file or folder's new name</param>
        </member>
        <member name="M:Transmission.API.RPC.Client.PortTestAsync">
            <summary>
            See if your incoming peer port is accessible from the outside world (API: port-test)
            </summary>
            <returns>Accessible state</returns>
        </member>
        <member name="M:Transmission.API.RPC.Client.BlocklistUpdateAsync">
            <summary>
            Update blocklist (API: blocklist-update)
            </summary>
            <returns>Blocklist size</returns>
        </member>
        <member name="M:Transmission.API.RPC.Client.FreeSpaceAsync(System.String)">
            <summary>
            Get free space is available in a client-specified folder.
            </summary>
            <param name="path">The directory to query</param>
        </member>
        <member name="P:Transmission.API.RPC.Client.Url">
            <summary>
            Url to service
            </summary>
        </member>
        <member name="P:Transmission.API.RPC.Client.SessionID">
            <summary>
            Session ID
            </summary>
        </member>
        <member name="P:Transmission.API.RPC.Client.CurrentTag">
            <summary>
            Current Tag
            </summary>
        </member>
        <member name="M:Transmission.API.RPC.Client.#ctor(System.String,System.String,System.String,System.String)">
            <summary>
            Initialize client
            <example>For example
            <code>
            new Transmission.API.RPC.Client("https://website.com:9091/transmission/rpc")
            </code>
            </example>
            </summary>
            <param name="url">URL to Transmission RPC API. Often it looks like schema://host:port/transmission/rpc </param>
            <param name="sessionID">Session ID</param>
            <param name="login">Login</param>
            <param name="password">Password</param>
        </member>
        <member name="M:Transmission.API.RPC.Client.CloseSession">
            <summary>
            Close current session (API: session-close)
            </summary>
        </member>
        <member name="M:Transmission.API.RPC.Client.SetSessionSettings(Transmission.API.RPC.Arguments.SessionSettings)">
            <summary>
            Set information to current session (API: session-set)
            </summary>
            <param name="settings">New session settings</param>
        </member>
        <member name="M:Transmission.API.RPC.Client.GetSessionStatistic">
            <summary>
            Get session stat
            </summary>
            <returns>Session stat</returns>
        </member>
        <member name="M:Transmission.API.RPC.Client.GetSessionInformation">
            <summary>
            Get information of current session (API: session-get)
            </summary>
            <returns>Session information</returns>
        </member>
        <member name="M:Transmission.API.RPC.Client.TorrentAdd(Transmission.API.RPC.Entity.NewTorrent)">
            <summary>
            Add torrent (API: torrent-add)
            </summary>
            <returns>Torrent info (ID, Name and HashString)</returns>
        </member>
        <member name="M:Transmission.API.RPC.Client.TorrentSet(Transmission.API.RPC.Arguments.TorrentSettings)">
            <summary>
            Set torrent params (API: torrent-set)
            </summary>
            <param name="settings">Torrent settings</param>
        </member>
        <member name="M:Transmission.API.RPC.Client.TorrentGet(System.String[],System.Int32[])">
            <summary>
            Get fields of torrents from ids (API: torrent-get)
            </summary>
            <param name="fields">Fields of torrents</param>
            <param name="ids">IDs of torrents (null or empty for get all torrents)</param>
            <returns>Torrents info</returns>
        </member>
        <member name="M:Transmission.API.RPC.Client.TorrentRemove(System.Int32[],System.Boolean)">
            <summary>
            Remove torrents (API: torrent-remove)
            </summary>
            <param name="ids">Torrents id</param>
            <param name="deleteData">Remove data</param>
        </member>
        <member name="M:Transmission.API.RPC.Client.TorrentStart(System.Object[])">
            <summary>
            Start torrents (API: torrent-start)
            </summary>
            <param name="ids">A list of torrent id numbers, sha1 hash strings, or both</param>
        </member>
        <member name="M:Transmission.API.RPC.Client.TorrentStart">
            <summary>
            Start recently active torrents (API: torrent-start)
            </summary>
        </member>
        <member name="M:Transmission.API.RPC.Client.TorrentStartNow(System.Object[])">
            <summary>
            Start now torrents (API: torrent-start-now)
            </summary>
            <param name="ids">A list of torrent id numbers, sha1 hash strings, or both</param>
        </member>
        <member name="M:Transmission.API.RPC.Client.TorrentStartNow">
            <summary>
            Start now recently active torrents (API: torrent-start-now)
            </summary>
        </member>
        <member name="M:Transmission.API.RPC.Client.TorrentStop(System.Object[])">
            <summary>
            Stop torrents (API: torrent-stop)
            </summary>
            <param name="ids">A list of torrent id numbers, sha1 hash strings, or both</param>
        </member>
        <member name="M:Transmission.API.RPC.Client.TorrentStop">
            <summary>
            Stop recently active torrents (API: torrent-stop)
            </summary>
        </member>
        <member name="M:Transmission.API.RPC.Client.TorrentVerify(System.Object[])">
            <summary>
            Verify torrents (API: torrent-verify)
            </summary>
            <param name="ids">A list of torrent id numbers, sha1 hash strings, or both</param>
        </member>
        <member name="M:Transmission.API.RPC.Client.TorrentVerify">
            <summary>
            Verify recently active torrents (API: torrent-verify)
            </summary>
        </member>
        <member name="M:Transmission.API.RPC.Client.TorrentQueueMoveTop(System.Int32[])">
            <summary>
            Move torrents in queue on top (API: queue-move-top)
            </summary>
            <param name="ids">Torrents id</param>
        </member>
        <member name="M:Transmission.API.RPC.Client.TorrentQueueMoveUp(System.Int32[])">
            <summary>
            Move up torrents in queue (API: queue-move-up)
            </summary>
            <param name="ids"></param>
        </member>
        <member name="M:Transmission.API.RPC.Client.TorrentQueueMoveDown(System.Int32[])">
            <summary>
            Move down torrents in queue (API: queue-move-down)
            </summary>
            <param name="ids"></param>
        </member>
        <member name="M:Transmission.API.RPC.Client.TorrentQueueMoveBottom(System.Int32[])">
            <summary>
            Move torrents to bottom in queue  (API: queue-move-bottom)
            </summary>
            <param name="ids"></param>
        </member>
        <member name="M:Transmission.API.RPC.Client.TorrentSetLocation(System.Int32[],System.String,System.Boolean)">
            <summary>
            Set new location for torrents files (API: torrent-set-location)
            </summary>
            <param name="ids">Torrent ids</param>
            <param name="location">The new torrent location</param>
            <param name="move">Move from previous location</param>
        </member>
        <member name="M:Transmission.API.RPC.Client.TorrentRenamePath(System.Int32,System.String,System.String)">
            <summary>
            Rename a file or directory in a torrent (API: torrent-rename-path)
            </summary>
            <param name="id">The torrent whose path will be renamed</param>
            <param name="path">The path to the file or folder that will be renamed</param>
            <param name="name">The file or folder's new name</param>
        </member>
        <member name="M:Transmission.API.RPC.Client.PortTest">
            <summary>
            See if your incoming peer port is accessible from the outside world (API: port-test)
            </summary>
            <returns>Accessible state</returns>
        </member>
        <member name="M:Transmission.API.RPC.Client.BlocklistUpdate">
            <summary>
            Update blocklist (API: blocklist-update)
            </summary>
            <returns>Blocklist size</returns>
        </member>
        <member name="M:Transmission.API.RPC.Client.FreeSpace(System.String)">
            <summary>
            Get free space is available in a client-specified folder.
            </summary>
            <param name="path">The directory to query</param>
        </member>
        <member name="T:Transmission.API.RPC.Common.ArgumentsBase">
            <summary>
            Absract class for arguments
            </summary>
        </member>
        <member name="T:Transmission.API.RPC.Common.CommunicateBase">
            <summary>
            Base class for request/response
            </summary>
        </member>
        <member name="F:Transmission.API.RPC.Common.CommunicateBase.Arguments">
            <summary>
            Data
            </summary>
        </member>
        <member name="F:Transmission.API.RPC.Common.CommunicateBase.Tag">
            <summary>
            Number (id)
            </summary>
        </member>
        <member name="M:Transmission.API.RPC.Common.CommunicateBase.ToJson">
            <summary>
            Convert to JSON string
            </summary>
            <returns></returns>
        </member>
        <member name="M:Transmission.API.RPC.Common.CommunicateBase.Deserialize``1">
            <summary>
            Deserialize to class
            </summary>
            <returns></returns>
        </member>
        <member name="T:Transmission.API.RPC.Common.TransmissionRequest">
            <summary>
            Transmission request 
            </summary>
        </member>
        <member name="F:Transmission.API.RPC.Common.TransmissionRequest.Method">
            <summary>
            Name of the method to invoke
            </summary>
        </member>
        <member name="M:Transmission.API.RPC.Common.TransmissionRequest.#ctor(System.String)">
            <summary>
            Initialize request
            </summary>
            <param name="method">Method name</param>
        </member>
        <member name="M:Transmission.API.RPC.Common.TransmissionRequest.#ctor(System.String,Transmission.API.RPC.Common.ArgumentsBase)">
            <summary>
            Initialize request 
            </summary>
            <param name="method">Method name</param>
            <param name="arguments">Arguments</param>
        </member>
        <member name="M:Transmission.API.RPC.Common.TransmissionRequest.#ctor(System.String,System.Collections.Generic.Dictionary{System.String,System.Object})">
            <summary>
            Initialize request 
            </summary>
            <param name="method">Method name</param>
            <param name="arguments">Arguments</param>
        </member>
        <member name="T:Transmission.API.RPC.Common.TransmissionResponse">
            <summary>
            Transmission response 
            </summary>
        </member>
        <member name="F:Transmission.API.RPC.Common.TransmissionResponse.Result">
            <summary>
            Contains "success" on success, or an error string on failure.
            </summary>
        </member>
        <member name="T:Transmission.API.RPC.ITransmissionClient">
            <summary>
            Interface for transmission client
            </summary>
        </member>
        <member name="P:Transmission.API.RPC.ITransmissionClient.CurrentTag">
            <summary>
            Current tag
            </summary>
        </member>
        <member name="P:Transmission.API.RPC.ITransmissionClient.SessionID">
            <summary>
            Session ID
            </summary>
        </member>
        <member name="P:Transmission.API.RPC.ITransmissionClient.Url">
            <summary>
            Host url
            </summary>
        </member>
        <member name="M:Transmission.API.RPC.ITransmissionClient.BlocklistUpdate">
            <summary>
            Update blocklist (API: blocklist-update)
            </summary>
            <returns>Blocklist size</returns>
        </member>
        <member name="M:Transmission.API.RPC.ITransmissionClient.CloseSession">
            <summary>
            Close current session (API: session-close)
            </summary>
        </member>
        <member name="M:Transmission.API.RPC.ITransmissionClient.FreeSpace(System.String)">
            <summary>
            Get free space is available in a client-specified folder.
            </summary>
            <param name="path">The directory to query</param>
        </member>
        <member name="M:Transmission.API.RPC.ITransmissionClient.GetSessionInformation">
            <summary>
            Get information of current session (API: session-get)
            </summary>
            <returns>Session information</returns>
        </member>
        <member name="M:Transmission.API.RPC.ITransmissionClient.GetSessionStatistic">
            <summary>
            Get session stat
            </summary>
            <returns>Session stat</returns>
        </member>
        <member name="M:Transmission.API.RPC.ITransmissionClient.PortTest">
            <summary>
            See if your incoming peer port is accessible from the outside world (API: port-test)
            </summary>
            <returns>Accessible state</returns>
        </member>
        <member name="M:Transmission.API.RPC.ITransmissionClient.SetSessionSettings(Transmission.API.RPC.Arguments.SessionSettings)">
            <summary>
            Set information to current session (API: session-set)
            </summary>
            <param name="settings">New session settings</param>
        </member>
        <member name="M:Transmission.API.RPC.ITransmissionClient.TorrentAdd(Transmission.API.RPC.Entity.NewTorrent)">
            <summary>
            Add torrent (API: torrent-add)
            </summary>
            <returns>Torrent info (ID, Name and HashString)</returns>
        </member>
        <member name="M:Transmission.API.RPC.ITransmissionClient.TorrentGet(System.String[],System.Int32[])">
            <summary>
            Get fields of torrents from ids (API: torrent-get)
            </summary>
            <param name="fields">Fields of torrents</param>
            <param name="ids">IDs of torrents (null or empty for get all torrents)</param>
            <returns>Torrents info</returns>
        </member>
        <member name="M:Transmission.API.RPC.ITransmissionClient.TorrentQueueMoveBottom(System.Int32[])">
            <summary>
            Move torrents to bottom in queue  (API: queue-move-bottom)
            </summary>
            <param name="ids"></param>
        </member>
        <member name="M:Transmission.API.RPC.ITransmissionClient.TorrentQueueMoveDown(System.Int32[])">
            <summary>
            Move down torrents in queue (API: queue-move-down)
            </summary>
            <param name="ids"></param>
        </member>
        <member name="M:Transmission.API.RPC.ITransmissionClient.TorrentQueueMoveTop(System.Int32[])">
            <summary>
            Move torrents in queue on top (API: queue-move-top)
            </summary>
            <param name="ids">Torrents id</param>
        </member>
        <member name="M:Transmission.API.RPC.ITransmissionClient.TorrentQueueMoveUp(System.Int32[])">
            <summary>
            Move up torrents in queue (API: queue-move-up)
            </summary>
            <param name="ids"></param>
        </member>
        <member name="M:Transmission.API.RPC.ITransmissionClient.TorrentRemove(System.Int32[],System.Boolean)">
            <summary>
            Remove torrents (API: torrent-remove)
            </summary>
            <param name="ids">Torrents id</param>
            <param name="deleteData">Remove local data</param>
        </member>
        <member name="M:Transmission.API.RPC.ITransmissionClient.TorrentRenamePath(System.Int32,System.String,System.String)">
            <summary>
            Rename a file or directory in a torrent (API: torrent-rename-path)
            </summary>
            <param name="id">The torrent whose path will be renamed</param>
            <param name="path">The path to the file or folder that will be renamed</param>
            <param name="name">The file or folder's new name</param>
        </member>
        <member name="M:Transmission.API.RPC.ITransmissionClient.TorrentSet(Transmission.API.RPC.Arguments.TorrentSettings)">
            <summary>
            Set torrent params (API: torrent-set)
            </summary>
            <param name="settings">Torrent settings</param>
        </member>
        <member name="M:Transmission.API.RPC.ITransmissionClient.TorrentSetLocation(System.Int32[],System.String,System.Boolean)">
            <summary>
            Set new location for torrents files (API: torrent-set-location)
            </summary>
            <param name="ids">Torrent ids</param>
            <param name="location">The new torrent location</param>
            <param name="move">Move from previous location</param>
        </member>
        <member name="M:Transmission.API.RPC.ITransmissionClient.TorrentStart">
            <summary>
            Start recently active torrents (API: torrent-start)
            </summary>
        </member>
        <member name="M:Transmission.API.RPC.ITransmissionClient.TorrentStart(System.Object[])">
            <summary>
            Start torrents (API: torrent-start)
            </summary>
            <param name="ids">A list of torrent id numbers, sha1 hash strings, or both</param>
        </member>
        <member name="M:Transmission.API.RPC.ITransmissionClient.TorrentStartNow">
            <summary>
            Start now recently active torrents (API: torrent-start-now)
            </summary>
        </member>
        <member name="M:Transmission.API.RPC.ITransmissionClient.TorrentStartNow(System.Object[])">
            <summary>
            Start now torrents (API: torrent-start-now)
            </summary>
            <param name="ids">A list of torrent id numbers, sha1 hash strings, or both</param>
        </member>
        <member name="M:Transmission.API.RPC.ITransmissionClient.TorrentStop">
            <summary>
            Stop recently active torrents (API: torrent-stop)
            </summary>
        </member>
        <member name="M:Transmission.API.RPC.ITransmissionClient.TorrentStop(System.Object[])">
            <summary>
            Stop torrents (API: torrent-stop)
            </summary>
            <param name="ids">A list of torrent id numbers, sha1 hash strings, or both</param>
        </member>
        <member name="M:Transmission.API.RPC.ITransmissionClient.TorrentVerify">
            <summary>
            Verify recently active torrents (API: torrent-verify)
            </summary>
        </member>
        <member name="M:Transmission.API.RPC.ITransmissionClient.TorrentVerify(System.Object[])">
            <summary>
            Verify torrents (API: torrent-verify)
            </summary>
            <param name="ids">A list of torrent id numbers, sha1 hash strings, or both</param>
        </member>
        <member name="T:Transmission.API.RPC.ITransmissionClientAsync">
            <summary>
            Interface for async transmission client
            </summary>
        </member>
        <member name="M:Transmission.API.RPC.ITransmissionClientAsync.BlocklistUpdateAsync">
            <summary>
            Update blocklist (API: blocklist-update)
            </summary>
            <returns>Blocklist size</returns>
        </member>
        <member name="M:Transmission.API.RPC.ITransmissionClientAsync.CloseSessionAsync">
            <summary>
            Close current session (API: session-close)
            </summary>
        </member>
        <member name="M:Transmission.API.RPC.ITransmissionClientAsync.FreeSpaceAsync(System.String)">
            <summary>
            Get free space is available in a client-specified folder.
            </summary>
            <param name="path">The directory to query</param>
        </member>
        <member name="M:Transmission.API.RPC.ITransmissionClientAsync.GetSessionInformationAsync">
            <summary>
            Get information of current session (API: session-get)
            </summary>
            <returns>Session information</returns>
        </member>
        <member name="M:Transmission.API.RPC.ITransmissionClientAsync.GetSessionStatisticAsync">
            <summary>
            Get session stat
            </summary>
            <returns>Session stat</returns>
        </member>
        <member name="M:Transmission.API.RPC.ITransmissionClientAsync.PortTestAsync">
            <summary>
            See if your incoming peer port is accessible from the outside world (API: port-test)
            </summary>
            <returns>Accessible state</returns>
        </member>
        <member name="M:Transmission.API.RPC.ITransmissionClientAsync.SetSessionSettingsAsync(Transmission.API.RPC.Arguments.SessionSettings)">
            <summary>
            Set information to current session (API: session-set)
            </summary>
            <param name="settings">New session settings</param>
        </member>
        <member name="M:Transmission.API.RPC.ITransmissionClientAsync.TorrentAddAsync(Transmission.API.RPC.Entity.NewTorrent)">
            <summary>
            Add torrent (API: torrent-add)
            </summary>
            <returns>Torrent info (ID, Name and HashString)</returns>
        </member>
        <member name="M:Transmission.API.RPC.ITransmissionClientAsync.TorrentGetAsync(System.String[],System.Int32[])">
            <summary>
            Get fields of torrents from ids (API: torrent-get)
            </summary>
            <param name="fields">Fields of torrents</param>
            <param name="ids">IDs of torrents (null or empty for get all torrents)</param>
            <returns>Torrents info</returns>
        </member>
        <member name="M:Transmission.API.RPC.ITransmissionClientAsync.TorrentQueueMoveBottomAsync(System.Int32[])">
            <summary>
            Move torrents to bottom in queue  (API: queue-move-bottom)
            </summary>
            <param name="ids"></param>
        </member>
        <member name="M:Transmission.API.RPC.ITransmissionClientAsync.TorrentQueueMoveDownAsync(System.Int32[])">
            <summary>
            Move down torrents in queue (API: queue-move-down)
            </summary>
            <param name="ids"></param>
        </member>
        <member name="M:Transmission.API.RPC.ITransmissionClientAsync.TorrentQueueMoveTopAsync(System.Int32[])">
            <summary>
            Move torrents in queue on top (API: queue-move-top)
            </summary>
            <param name="ids">Torrents id</param>
        </member>
        <member name="M:Transmission.API.RPC.ITransmissionClientAsync.TorrentQueueMoveUpAsync(System.Int32[])">
            <summary>
            Move up torrents in queue (API: queue-move-up)
            </summary>
            <param name="ids"></param>
        </member>
        <member name="M:Transmission.API.RPC.ITransmissionClientAsync.TorrentRemoveAsync(System.Int32[],System.Boolean)">
            <summary>
            Remove torrents
            </summary>
            <param name="ids">Torrents id</param>
            <param name="deleteData">Remove local data</param>
        </member>
        <member name="M:Transmission.API.RPC.ITransmissionClientAsync.TorrentRenamePathAsync(System.Int32,System.String,System.String)">
            <summary>
            Rename a file or directory in a torrent (API: torrent-rename-path)
            </summary>
            <param name="id">The torrent whose path will be renamed</param>
            <param name="path">The path to the file or folder that will be renamed</param>
            <param name="name">The file or folder's new name</param>
        </member>
        <member name="M:Transmission.API.RPC.ITransmissionClientAsync.TorrentSetAsync(Transmission.API.RPC.Arguments.TorrentSettings)">
            <summary>
            Set torrent params (API: torrent-set)
            </summary>
            <param name="settings">Torrent settings</param>
        </member>
        <member name="M:Transmission.API.RPC.ITransmissionClientAsync.TorrentSetLocationAsync(System.Int32[],System.String,System.Boolean)">
            <summary>
            Set new location for torrents files (API: torrent-set-location)
            </summary>
            <param name="ids">Torrent ids</param>
            <param name="location">The new torrent location</param>
            <param name="move">Move from previous location</param>
        </member>
        <member name="M:Transmission.API.RPC.ITransmissionClientAsync.TorrentStartAsync">
            <summary>
            Start recently active torrents (API: torrent-start)
            </summary>
        </member>
        <member name="M:Transmission.API.RPC.ITransmissionClientAsync.TorrentStartAsync(System.Object[])">
            <summary>
            Start torrents (API: torrent-start)
            </summary>
            <param name="ids">A list of torrent id numbers, sha1 hash strings, or both</param>
        </member>
        <member name="M:Transmission.API.RPC.ITransmissionClientAsync.TorrentStartNowAsync">
            <summary>
            Start now recently active torrents (API: torrent-start-now)
            </summary>
        </member>
        <member name="M:Transmission.API.RPC.ITransmissionClientAsync.TorrentStartNowAsync(System.Object[])">
            <summary>
            Start now torrents (API: torrent-start-now)
            </summary>
            <param name="ids">A list of torrent id numbers, sha1 hash strings, or both</param>
        </member>
        <member name="M:Transmission.API.RPC.ITransmissionClientAsync.TorrentStopAsync">
            <summary>
            Stop recently active torrents (API: torrent-stop)
            </summary>
        </member>
        <member name="M:Transmission.API.RPC.ITransmissionClientAsync.TorrentStopAsync(System.Object[])">
            <summary>
            Stop torrents (API: torrent-stop)
            </summary>
            <param name="ids">A list of torrent id numbers, sha1 hash strings, or both</param>
        </member>
        <member name="M:Transmission.API.RPC.ITransmissionClientAsync.TorrentVerifyAsync">
            <summary>
            Verify recently active torrents (API: torrent-verify)
            </summary>
        </member>
        <member name="M:Transmission.API.RPC.ITransmissionClientAsync.TorrentVerifyAsync(System.Object[])">
            <summary>
            Verify torrents (API: torrent-verify)
            </summary>
            <param name="ids">A list of torrent id numbers, sha1 hash strings, or both</param>
        </member>
    </members>
</doc>
